<sources>
    <programs>
        <default pathversion="1"></default>
    </programs>
    <video>
        <default pathversion="1"></default>
    </video>
    <music>
        <default pathversion="1"></default>
    </music>
    <pictures>
        <default pathversion="1"></default>
    </pictures>
    <files>
        <default pathversion="1"></default>
        <source>
            <name>umvbrella</name>
            <path pathversion="1">https://umbrellaplug.github.io/</path>
            <allowsharing>true</allowsharing>
        </source>
        <source>
            <name>Nixgates</name>
            <path pathversion="1">https://nixgates.github.io/packages/</path>
            <allowsharing>true</allowsharing>
        </source>
        <source>
            <name>heppen&#x0D;</name>
            <path pathversion="1">https://nfm886.github.io/repository.heppen or https://zips.ovh/heppen&#x0D;/</path>
            <allowsharing>true</allowsharing>
        </source>
        <source>
            <name>openwizard</name>
            <path pathversion="1">https://a4k-openproject.github.io/repository.openwizard/</path>
            <allowsharing>true</allowsharing>
        </source>
    </files>
    <games>
        <default pathversion="1"></default>
    </games>
</sources>
